nassem Wege	7198
nassem Wetter	3158
nassen Jahren	2720
nasser Witterung	2668
nassen Boden	2351
nassem Boden	2151
nassen Augen	1736
nasse Witterung	1548
nasse Füße	1483
nassen Kleidern	1440
nassen Jahreszeit	1382
nassen Kleider	1361
nassen Wiesen	1341
nassen Stellen	1195
nassen Tüchern	1013
nasse Tücher	985
nassen Böden	926
nassen Lappen	911
nassen Zustand	900
nassen Schwamm	883
nassauische Regierung	867
nassen Sand	834
nasses Tuch	803
nassem Zustand	766
nassen Witterung	749
nasses Wetter	736
nassen Element	729
nassen Wege	725
nasse Element	708
nassen Sachen	706
nassen Füßen	703
nassen Sommer	679
nassen Verfahren	658
nassen Aufbereitung	656
nasse Wiesen	620
nassauischen Regierung	614
nasse Gras	612
nasse Deposition	599
nassen Händen	594
nassen Haare	586
nasser Erde	580
nasse Erde	575
nassen Graben	558
nasse Wäsche	556
nassen Schnee	528
nassen Haaren	523
nassem Sand	518
nasse Stellen	518
nasser Boden	508
naßkalte Witterung	505
nassen Gräben	499
nasser Sack	496
nasse Aufbereitung	491
nassen Sommern	490
nassen Jahre	481
nassen Platten	471
nassen Tuch	467
nasse Jahre	461
nassen Finger	457
nasse Augen	452
nassen Gras	452
nassen Asphalt	441
nasse Sommer	436
nasses Holz	436
nasse Kälte	434
nassen Füße	425
nasskalter Witterung	421
nassen Standorten	415
nassen Dreieck	400
nasse Kleidung	399
nassen Deposition	399
nassen Erde	398
nasse Böden	376
nassen Tuche	375
nasse Verfahren	374
nasser Fahrbahn	373
nasse Jahreszeit	366
nasser Sommer	365
nasse Wetter	360
nassen Elemente	360
nasser Schnee	355
nasskalte Witterung	354
nassauische Altertumskunde	352
nassen Wetter	350
naßkalter Witterung	344
nassen Straßen	343
nassauischen Truppen	342
nasse Grenze	341
nassen Iahreszeit	336
nasse Wiese	334
nasse Füsse	331
nasse Tuch	328
nassen Auge	328
nasse Haar	326
nasses Handtuch	322
nasses Haar	321
naßkaltem Wetter	321
nassen Fingern	318
nasse Kleider	316
nassen Bodens	309
nasskaltem Wetter	304
nasses Grab	293
nasse Leintücher	291
nassen Schuhe	288
nassen Wiese	286
nassen Wetters	285
nassen Faden	284
nasse Boden	280
nassen Jahrgängen	278
nassem Schnee	277
nassen Fetzen	277
nassen Hände	273
nassen Platte	272
nassem Holz	271
nassem Lehm	270
naßkalten Witterung	269
nassen Klamotten	264
nassauischen Grafen	260
nassen Iahren	257
nasser Wäsche	256
nassen Weg	251
nassen Straße	251
nasses Gras	250
nassen Felsen	247
nasser Schwamm	247
nassen Kalk	247
nassauische Minister	243
naßkaltes Wetter	243
nassen Tücher	242
nassen Jahreszeiten	240
nassem Papier	239
nassen Schuhen	238
nasse Umschläge	238
nassen Mantel	237
nassen Lehm	237
nasse Straße	237
nasse Kollodiumverfahren	235
nasser Hund	235
nasser Jahreszeit	234
nassen Flächen	231
nassem Blick	231
nassen Orten	229
nassen Jahr	227
nassen Handtuch	227
nassen Hand	227
nasse Holz	226
nasser Watte	225
nassen Herbst	224
nasse Gräben	222
nassem Sande	221
naßkalte Wetter	221
nasse Haut	221
nassen Sommers	221
nasses Jahr	219
nassen Zeiten	219
nasser Kleidung	217
nasse Zeug	217
nasse Grab	216
nassen Windeln	216
nassen Zeit	215
nasser Sand	215
nasser Standorte	215
nasses Papier	214
nassen Kollodiumverfahren	214
nassen Pinsel	213
nassen Fleck	213
nasse Platten	210
nassem Weg	210
nassen Kollodiumplatten	206
nassen Körper	204
nasse Laken	201
nasse Standorte	201
nasser Fleck	200
nasse Farbe	198
nasse Platte	197
nasses Stroh	196
nassauischen Lande	193
nasses Gesicht	191
nasser Lappen	191
nassen Winter	190
nassen Tod	189
nassem Graben	187
nasser Straße	186
nassauischen Fürsten	185
nasse Stelle	184
nassen Kleidung	183
nassen Sande	183
nassen Schwamme	182
nasse Hand	179
nassen Fadens	175
nassem Stroh	175
nasse Hände	175
nassen Sack	174
nassen Waschlappen	174
nasse Fäule	172
nassen Steinen	171
nasse Dreieck	170
nassauischen Verfassung	170
nassen Feldern	170
nassauischen Hauses	169
nassen Füssen	166
nasser Graben	166
nassen Grase	166
nassauischen Minister	165
nassen Hosen	165
nassen Tagen	164
nasskalten Witterung	160
naßkalten Wetter	160
nasse Hose	156
nasse Wände	156
nassen Thermometers	155
nassen Elements	154
nassauische Bevollmächtigte	154
nassen Dampf	153
nassen Verfahrens	153
nasser Zeit	153
nasse Papier	152
nasse Schnur	151
nasse Watte	151
nasse Reinigung	150
nasser Jahre	150
nasse Luft	149
nasse Flecken	149
nassen Schnitzel	149
nassen Periode	149
nasse Lappen	149
nassen Stiefel	149
nassen Blättern	149
nassauischen Vereins	148
nasse Leinwand	148
nassen Niederungen	147
nassen Wäsche	146
nasses Laub	146
nassauischen Bevollmächtigten	145
nassen Perioden	143
nassem Asphalt	142
nassen Decken	142
nasse Schnee	142
nassen Schlamm	140
nassen Grund	140
nasser Kälte	139
nasser Leinwand	139
nasse Verbrennung	139
nassen Haut	138
nasse Haare	137
nassauische Alterthumskunde	137
nassen Kollodiumverfahrens	136
nassen Kälte	136
nassauische Brigade	135
nassen Sandes	133
nassauische Verfassung	133
nassem Fließpapier	133
nassen Weiden	132
nasskaltes Wetter	131
nassauischen Heimat	131
nassen Wangen	131
nasse Windeln	130
nasse Gasuhren	130
nassem Gras	130
nassauischen Kreise	130
nasses Leintuch	130
nassen Weges	130
nassauischen Landstände	129
nassen Laken	128
nasses Verfahren	128
nassen Ton	127
nasses Gewand	127
nassen Steine	125
nassen Wänden	125
nassauischen Ministers	124
nasser Tücher	123
nasser Böden	123
nasse Thermometer	122
nassem Haar	122
nasse Schnitzel	122
nassem Fliesspapier	122
nassem Laub	121
nassauischen Kirche	121
nassen Blätter	120
nassen Fahrbahn	120
nassauischen Verordnung	120
nassen Pflaster	120
nassauischen Geschichte	120
nasse Weg	119
nassen Nebel	119
nassem Filtrierpapier	119
nassen Holzes	118
nasses Hemd	118
nassauischen Gebiete	118
nasskalte Wetter	118
nasse Oberfläche	116
nasse Stirn	116
nassen Socken	116
nassen Handtüchern	116
nassen Säcken	115
nassem Holze	115
nassen Binden	115
nassen Schnitzeln	114
nasser Stellen	114
nasse Gesicht	113
nassen Lippen	113
nassen Flecken	113
nasse Einpackungen	113
nasse Handtücher	113
nasse Iahreszeit	112
nasses Frühjahr	112
nassen Tage	112
nasse Laub	112
nassen Tuches	112
nassen Umschlägen	111
nassen Einwickelungen	111
nassen Dampfes	110
nasser Nebel	110
nassem Grunde	110
nasses Pulver	110
nassen Rasen	110
nassauische Geschichte	110
nassen Jahres	109
nasse Schuhe	109
nasse Jahr	109
nassen Sägespänen	109
nassen Standort	109
nassen Stein	108
nasse Zeit	108
nassen Abreibungen	108
nasser Pudel	107
nassem Untergrund	107
nasser Wolle	107
nassen Oberfläche	107
nassauischen Regierungspräsidenten	106
nassen Elementes	105
nassem Auge	105
nassem Finger	105
nassen Haar	105
nassen Räumen	105
nassen Monate	105
nasse Einwickelungen	104
nasse Pflaster	103
nassen Kopf	103
nassen Wintern	103
nassauischen Staatsdienst	103
nassauischen Raum	103
nasses Brot	102
nasses Futter	102
nassen Wald	102
nassen Kleidungsstücke	101
nassen Untergrund	101
nassen Fäule	101
nasse Tage	101
nasse Winter	100
nasser Lehm	100
nassen Umschlag	99
nassen Grenzen	99
nassen Grab	99
nasse Einpackung	99
nassen Monaten	99
nasses Stück	99
nassen Gegenden	98
nasses Moos	98
nasser Wiesen	98
nassauischen Diensten	98
nassen Einpackungen	97
nassauische Verordnung	97
nassem Moos	97
nassauischen Verhältnisse	97
nassen Grabe	96
nassauische Gesetz	96
nassauischen Präsidenten	96
nassauischen Fürstenhauses	95
nasse Abreibungen	95
nassauischer Minister	95
nasse Decke	95
nasse Hemd	95
nasser Herbst	95
naßkalte Luft	94
nassen Seite	94
nassen Frühjahr	94
nassen Klima	94
nassauischen Liberalen	94
nasses Auge	94
nassen Grenze	93
nassen Auges	93
nasse Nacht	93
nasser Winter	92
nasse Fläche	92
nasser Deposition	92
nasse Decken	91
nassen Holz	91
nassen Gasmesser	91
nasse Compresse	91
nassauischen Linien	91
nassen Strümpfe	90
nassauischen Landeskirche	90
nasse Säcke	90
nassen Methode	89
nassen Leintüchern	89
nasse Straßen	89
nasses Filter	89
naßkalter Tag	89
nassen Felder	89
nassen Badeanzug	89
nasse Fahrbahn	88
nasse Schicht	88
nassen Gütern	88
nassauischer Seite	88
nasse Abreibung	87
nasse Weiden	87
nasse Hosen	87
nassen Schnees	87
nassem Dampf	87
nasse Sand	87
nasse Arbeit	87
nassen Mauern	86
nasse Blätter	86
nassauischen Politik	86
nasskalten Wetter	86
nassen Compressen	86
nassen Strähnen	86
nasse Handtuch	86
nassen Bett	85
nassen Wegen	85
nassen Wände	85
nassen Keller	84
nassauischen Ämter	84
nassauischen Territorien	84
nassen Gewändern	83
nassen Stelle	83
nasser Dampf	83
nassen Kollodiumplatte	83
nassen Farbe	83
nasse Flächen	83
nassen Lumpen	82
nassauischen Besitzungen	82
nassen Standorte	82
nassen Stiefeln	82
nassen Schwammes	82
nassen Kellern	82
nassen Umschläge	82
nassen Beton	81
nasses Fell	81
nasses Aufwischen	80
nassen Bedingungen	80
nasse Spur	80
nasse Schwämme	79
nasse Gasmesser	79
nassauische Staatsministerium	79
nasse Compressen	79
nassen Laub	79
nassauischen Gesandten	78
nassen Torf	78
nasse Felder	78
nassauischen Landes	78
nassen Hose	78
nassen Moos	78
nassen Erdboden	78
nassen Fläche	77
nassen Putz	77
nasses Element	77
naßkalten Tagen	77
nassauischen Landesregierung	77
nassem Thon	77
nassen Farben	77
nassauischen Stände	77
nasse Jacke	76
nassem Torf	76
nassen Compresse	76
naßkalten Wetters	76
nasses Laken	76
nassauischen Gemeinden	76
nasser Haut	75
nassauischen Länder	75
nassen Mörtel	75
nassen Probe	75
nassauische Gesandte	75
nassen Streifen	75
nassen Rücken	75
nasse Sachen	74
nassen Schwämmen	74
nasse Nebel	74
nasse Windel	74
nasses Zeug	73
nassen Gasmessern	73
nassen Mäntel	73
nassen Verbrennung	73
nassauischen Ständeversammlung	73
nassen Flocken	72
nasse Kollodiumplatte	72
nasse Strümpfe	72
nassen Frühjahren	72
nassen Zehnten	72
nassen Strümpfen	72
nassen Reinigung	71
nassen Thon	71
nassen Wolken	71
nassen Fußboden	71
nassauischen Abgeordneten	71
nassauischen Soldaten	71
nasse Periode	70
nassen Reisfeldern	70
nasser Umgebung	70
nasser Tag	70
nassen Mänteln	70
nassauischen Landtag	70
nassen Schwämme	70
nassen Gründen	69
nasse Fell	69
naßkalten Sommer	69
nasse Räume	69
nasses Filtrierpapier	69
nasse Wand	69
nassauischen Bevölkerung	69
nasser Hand	68
nasse Graben	68
nassen Elementen	68
nassen Flanken	67
nasse Spuren	67
nassauischen Gebieten	67
nassauischen Gesetzes	67
nasse Katze	67
naßkalten Boden	67
nasser Wind	67
nassauischen Grenze	67
nassauischen Fürstentümer	67
nasse Stroh	67
nasse Gewand	67
nassen Wattebausch	67
nasser nacht	67
nassem Kalk	66
nassen Zeug	66
nasskalten Wetters	66
nassen Acker	66
nassauische Truppen	66
nassen Nacht	65
nassem Gesicht	65
nassen Reisfelder	65
nassauische Gebiet	65
nasses Klima	65
nassauischen Beamten	65
nassen Kollodium	65
nassauischen Eisenindustrie	64
nassen Stoff	64
nassen Schirm	64
nasskalten Sommer	64
nasse Herbst	64
nassen Grunde	63
naßkalter Wind	63
nasse Veraschung	63
nassauischen Volkes	63
nassauischen Kammer	63
nasse Bild	63
nasse Kleid	63
nassen Stirn	63
nassauische Staatsminister	63
nasses Leder	63
nassen Oberflächen	63
nasse Methode	62
nassem Ton	62
nasses Taschentuch	62
nassem Heu	62
nassen Herbstes	62
nassen Schicht	62
nasse Wolle	62
nassem Pinsel	62
nasses Land	62
nasser Körper	61
nassen Schlammes	61
nasser Kleider	61
nassauischen Batterie	61
nassen Zweige	61
nasse Flecke	61
nasse Kohle	61
nassen Bogen	60
nassauischen Staatsminister	60
nasse Blatt	59
nasses Blatt	59
nasse Leder	59
nassen Wind	59
nassauische Edikt	59
nasse Badehose	59
nasser Pappe	59
nassen Grabens	59
naßmechanische Aufbereitung	59
nassem Fell	58
nassem Futter	58
nasser Lage	58
nassem Löschpapier	58
nassem Filterpapier	58
nassen Holze	58
nassauische Kirchenpräsident	58
nassem Filtrirpapier	57
nassem Grund	57
nassen Mooren	57
naßkalte Sommer	57
nassen Niederschlag	57
nassem Lager	57
nasser Kohle	57
nasser Flächen	57
naßmechanischen Aufbereitung	57
nasses Heu	56
nassen Grases	56
nasse Einwicklungen	56
nasses Kleid	56
nassem Material	56
nasser Oberfläche	55
nassen Plätzen	55
nassen Rock	55
nassauische Landesregierung	55
nassem Schlamm	55
nasser Luft	55
nasse Zunge	54
nassem Erdreich	54
nassem Schwamm	54
nassen Gasuhr	54
nassauische Gemeindeordnung	54
nasse Pappe	54
nassen Stücke	53
nassen Waldboden	53
nassen Stoffe	53
nasse Frühjahr	53
nasser Arbeit	53
nasse Lage	52
nasse Behandlung	52
nassen Erdreich	52
nassen Fell	52
nasseristischer Prägung	52
nasse Gründe	52
nassen Mund	52
nasse Ware	52
nasses Löschpapier	52
nassen Thermometer	52
nasse Filter	51
nassen Lehmboden	51
nasskalter Luft	51
nasskalte Luft	51
nassem Leder	51
nassen Gewänder	51
nassen Papier	51
nassen Dreck	51
nassen Strumpf	51
nasse Masse	51
nassen Schleier	51
nassen Frühling	51
nassen Gruben	50
nassen Strecken	50
nassauischen Staatsrat	50
nassen Theile	50
nasse Monate	50
nasser Torf	50
nasse Steine	50
nassen Dreiecks	50
nassen Flügeln	50
nassen Lage	50
nassauischen Landesteilen	50
nassem Sägemehl	49
nasse Auge	49
nassauischen Gebiet	49
nassen Papiers	49
nassen Taschentuch	49
nasse Tod	49
nassen Strassen	49
nasse Kollodium	48
nasser Faden	48
nasser Hose	48
naßchemischen Verfahren	48
nassen Gesicht	48
nasse Asphalt	48
nasse Fleck	48
nassen Häuten	48
nassen Zweigen	48
nassen Bilder	48
nasse Finger	48
nassen Windel	48
nasseristischen Ägypten	47
nassauischen Hof	47
nasse Hunde	47
nasse Socken	47
nassen Kleid	47
nassauisches Gebiet	47
nassen Bäumen	47
nassen Hut	47
nassen Herbsten	47
nassen Mai	46
nasser Ton	46
nassen Fliesen	46
nassauischem Gebiet	46
nasse Uniform	46
nassen Aug	46
nasse Baumwolle	46
nassen Einwicklungen	46
nassen Pfoten	46
nassauischen Dienst	46
nasser Baumwolle	45
nassen Regenmantel	45
naßkalten Tage	45
nassauischem Boden	45
nassen Orte	45
nasseristische Ägypten	45
nasse Flocken	45
nassen Biwaks	45
nassem Untergrunde	45
nassauischen Gebietes	45
nasses Gelände	44
nassen Decke	44
nasse Nase	44
nassen Läppchen	44
nassen Schützengräben	44
nassen Brei	44
nassen Garten	44
nassen Pinsels	44
nasse Jahrgänge	43
nasse Wange	43
nassen Kies	43
nassem Grase	43
nasse Einflüsse	43
nassen Fuß	43
nassen Bodenarten	43
nasse Stoff	43
nassen Scheiben	42
nassen Leib	42
nassauischen Häuser	42
nasse Streifen	42
nassen Jammer	42
nasse Kleidungsstücke	42
nassen Luft	42
nassauische Gesetzgebung	42
nasse Schneeflocken	42
nassem Hund	42
nassen Hund	42
nassen Behandlung	41
nassen Bäume	41
nasses Fliesspapier	41
nasser Farbe	41
naßkalten Tag	41
nassen Hemden	40
naßkalte Klima	40
